Workbook

Sheet START HERE
B1: BUS123 · Solving Business Problems with Technology
B2: EXCEL-M01-L02 · Aggregate Functions & Data Analysis
B4: Learning Objectives
B5: ✓ I can write SUM, AVERAGE, MAX, MIN, COUNT, and COUNTA formulas.
B6: ✓ I can connect data from one tab to another using cell references.
B7: ✓ I can apply number formatting to make data readable.
B8: ✓ I can interpret aggregate results in a business context.
B10: Color Guide
B11: Yellow cells = YOUR input — type your answer here
B12: Green feedback = Correct answer
B13: Red feedback = Try again
B14: White cells = Pre-filled data — do not edit
B16: Tab Map — Work in order →
B17: START HERE | C17: You are here — read before starting
B18: Raw Data | C18: Unformatted source data — do not edit
B19: Event Revenue Analysis | C19: Main activity — complete all 3 parts
B20: Challenge | C20: Stretch problems — try if you finish early
B21: FormulaReferenceCard | C21: Function reference — keep this open while working
B23: Case Study Company: Anchor & Oak Events
B24: Anchor & Oak Events is a boutique event planning company. They track revenue by event type (Weddings, Corporate, Private) across 12 months. Your job: analyze their revenue data using Excel aggregate functions.

Sheet Raw Data
B1: Anchor & Oak Events — Revenue Export (Raw / Unformatted)
B2: ⚠️ This is a raw data export. Lowercase headers, no currency symbols, no formatting. Do NOT edit this tab. Reference it from the analysis tab using cell references.
B4: month | C4: weddings | D4: corporate | E4: private | F4: total_revenue
B5: January | C5: 18500 | D5: 12000 | E5: 5200 | F5: 35700
B6: February | C6: 9800 | D6: 8500 | E6: 3100 | F6: 21400
B7: March | C7: 14200 | D7: 10500 | E7: 4800 | F7: 29500
B8: April | C8: 22100 | D8: 15000 | E8: 6200 | F8: 43300
B9: May | C9: 28500 | D9: 18000 | E9: 8100 | F9: 54600
B10: June | C10: 35200 | D10: 22500 | E10: 9500 | F10: 67200
B11: July | C11: 31800 | D11: 19000 | E11: 8800 | F11: 59600
B12: August | C12: 38500 | D12: 24000 | E12: 10200 | F12: 72700
B13: September | C13: 26400 | D13: 17500 | E13: 7300 | F13: 51200
B14: October | C14: 19800 | D14: 13000 | E14: 5800 | F14: 38600
B15: November | C15: 12500 | D15: 9200 | E15: 4100 | F15: 25800
B16: December | C16: 16800 | D16: 11500 | E16: 5500 | F16: 33800
B18: budget_target_monthly | E18: 55000

Sheet Event Revenue Analysis
B1: Event Revenue Analysis — Anchor & Oak Events
B2: EXCEL-M01-L02 · Aggregate Functions & Data Analysis
B4: PART 1 — Build the Data Table (connect to Raw Data)
B5: In each yellow cell, write a formula that references the Raw Data tab. Example: ='Raw Data'!B5 | Then add headers and apply currency format ($) to revenue columns.
B6: Month | C6: Weddings ($) | D6: Corporate ($) | E6: Private ($) | F6: Total Revenue ($) | G6: Feedback
B7: January | G7: =IF(OR(C7="",D7="",E7="",F7=""),"⬅ Enter all values first",IF(AND(ABS(C7-'Raw Data'!C5)<1,ABS(D7-'Raw Data'!D5)<1,ABS(E7-'Raw Data'!E5)<1),"✅ Data linked correctly","❌ Check your Raw Data references")) -> ⬅ Enter all values first
B8: February | G8: =IF(OR(C8="",D8="",E8="",F8=""),"⬅ Enter all values first",IF(AND(ABS(C8-'Raw Data'!C6)<1,ABS(D8-'Raw Data'!D6)<1,ABS(E8-'Raw Data'!E6)<1),"✅ Data linked correctly","❌ Check your Raw Data references")) -> ⬅ Enter all values first
B9: March | G9: =IF(OR(C9="",D9="",E9="",F9=""),"⬅ Enter all values first",IF(AND(ABS(C9-'Raw Data'!C7)<1,ABS(D9-'Raw Data'!D7)<1,ABS(E9-'Raw Data'!E7)<1),"✅ Data linked correctly","❌ Check your Raw Data references")) -> ⬅ Enter all values first
B10: April | G10: =IF(OR(C10="",D10="",E10="",F10=""),"⬅ Enter all values first",IF(AND(ABS(C10-'Raw Data'!C8)<1,ABS(D10-'Raw Data'!D8)<1,ABS(E10-'Raw Data'!E8)<1),"✅ Data linked correctly","❌ Check your Raw Data references")) -> ⬅ Enter all values first
B11: May | G11: =IF(OR(C11="",D11="",E11="",F11=""),"⬅ Enter all values first",IF(AND(ABS(C11-'Raw Data'!C9)<1,ABS(D11-'Raw Data'!D9)<1,ABS(E11-'Raw Data'!E9)<1),"✅ Data linked correctly","❌ Check your Raw Data references")) -> ⬅ Enter all values first
B12: June | G12: =IF(OR(C12="",D12="",E12="",F12=""),"⬅ Enter all values first",IF(AND(ABS(C12-'Raw Data'!C10)<1,ABS(D12-'Raw Data'!D10)<1,ABS(E12-'Raw Data'!E10)<1),"✅ Data linked correctly","❌ Check your Raw Data references")) -> ⬅ Enter all values first
B13: July | G13: =IF(OR(C13="",D13="",E13="",F13=""),"⬅ Enter all values first",IF(AND(ABS(C13-'Raw Data'!C11)<1,ABS(D13-'Raw Data'!D11)<1,ABS(E13-'Raw Data'!E11)<1),"✅ Data linked correctly","❌ Check your Raw Data references")) -> ⬅ Enter all values first
B14: August | G14: =IF(OR(C14="",D14="",E14="",F14=""),"⬅ Enter all values first",IF(AND(ABS(C14-'Raw Data'!C12)<1,ABS(D14-'Raw Data'!D12)<1,ABS(E14-'Raw Data'!E12)<1),"✅ Data linked correctly","❌ Check your Raw Data references")) -> ⬅ Enter all values first
B15: September | G15: =IF(OR(C15="",D15="",E15="",F15=""),"⬅ Enter all values first",IF(AND(ABS(C15-'Raw Data'!C13)<1,ABS(D15-'Raw Data'!D13)<1,ABS(E15-'Raw Data'!E13)<1),"✅ Data linked correctly","❌ Check your Raw Data references")) -> ⬅ Enter all values first
B16: October | G16: =IF(OR(C16="",D16="",E16="",F16=""),"⬅ Enter all values first",IF(AND(ABS(C16-'Raw Data'!C14)<1,ABS(D16-'Raw Data'!D14)<1,ABS(E16-'Raw Data'!E14)<1),"✅ Data linked correctly","❌ Check your Raw Data references")) -> ⬅ Enter all values first
B17: November | G17: =IF(OR(C17="",D17="",E17="",F17=""),"⬅ Enter all values first",IF(AND(ABS(C17-'Raw Data'!C15)<1,ABS(D17-'Raw Data'!D15)<1,ABS(E17-'Raw Data'!E15)<1),"✅ Data linked correctly","❌ Check your Raw Data references")) -> ⬅ Enter all values first
B18: December | G18: =IF(OR(C18="",D18="",E18="",F18=""),"⬅ Enter all values first",IF(AND(ABS(C18-'Raw Data'!C16)<1,ABS(D18-'Raw Data'!D16)<1,ABS(E18-'Raw Data'!E16)<1),"✅ Data linked correctly","❌ Check your Raw Data references")) -> ⬅ Enter all values first
B20: PART 2 — Aggregate Functions (write formulas in yellow cells)
B21: Use aggregate functions to summarize the Total Revenue column (F7:F18). Write each formula in the yellow cell — do not type the number directly.
B22: Calculation | C22: Function | D22: Your Formula | E22: Result | G22: Feedback
B23: Total Revenue (All Months) | C23: SUM | E23: =IF(D23="","",D23) | G23: =IF(D23="","⬅ Write your formula",IF(ABS(D23-273400)<100,"✅ Correct!","❌ Check your formula range")) -> ⬅ Write your formula
B24: Average Monthly Revenue | C24: AVERAGE | E24: =IF(D24="","",D24) | G24: =IF(D24="","⬅ Write your formula",IF(ABS(D24-22783.33)<100,"✅ Correct!","❌ Check your formula range")) -> ⬅ Write your formula
B25: Best Month (Highest) | C25: MAX | E25: =IF(D25="","",D25) | G25: =IF(D25="","⬅ Write your formula",IF(ABS(D25-38500)<1,"✅ Correct!","❌ Check your formula range")) -> ⬅ Write your formula
B26: Slowest Month (Lowest) | C26: MIN | E26: =IF(D26="","",D26) | G26: =IF(D26="","⬅ Write your formula",IF(ABS(D26-9800)<1,"✅ Correct!","❌ Check your formula range")) -> ⬅ Write your formula
B27: Months with Data (numbers) | C27: COUNT | E27: =IF(D27="","",D27) | G27: =IF(D27="","⬅ Write your formula",IF(ABS(D27-12)<1,"✅ Correct!","❌ Check your formula range")) -> ⬅ Write your formula
B28: Months with Any Entry | C28: COUNTA | E28: =IF(D28="","",D28) | G28: =IF(D28="","⬅ Write your formula",IF(ABS(D28-12)<1,"✅ Correct!","❌ Check your formula range")) -> ⬅ Write your formula
B30: PART 3 — Interpretation Questions (type your answers in yellow cells)
B31: Use your results from Part 2 to answer these business questions. Write your answer in the yellow cell — short phrases or numbers are fine.
B32: Q1: Which month had the highest total revenue?
B34: Q2: What is the difference between the best and slowest months? (write a formula)
B36: Q3: How many months exceeded the $22,000 average? (use COUNTIF or count manually)
B38: Q4: What does the AVERAGE tell Anchor & Oak about their typical month?

Sheet Challenge
B1: Challenge — Anchor & Oak Events
B2: Stretch Problems — try these if you finish the main activity early
B4: PART A — Revenue by Event Type (SUM each column)
B5: Write a SUM formula for each event type (Weddings, Corporate, Private). Reference the Event Revenue Analysis tab using ='Event Revenue Analysis'!column. Copy your formula across all three columns using relative references.
B6: Event Type Total | C6: Weddings ($) | D6: Corporate ($) | E6: Private ($) | F6: Notes
B7: Annual Total | F7: Write =SUM('Event Revenue Analysis'!C7:C18) for Weddings, then copy right
B9: PART B — Budget Variance with Absolute Reference ($55,000 target)
B10: The budget target ($55,000/month) is stored in cell H28 on this tab. Write a variance formula in column D using an absolute reference: =C12-$H$28. Copy the formula down all 12 rows. Then write an IF formula in column E to flag Above/Below budget.
B11: Month | C11: Total Revenue ($) | D11: Variance vs Budget | E11: Above / Below? | F11: Feedback
B12: January | F12: =IF(OR(C12="",D12=""),"⬅ Fill in revenue & variance first",IF(ABS(D12-(C12-$H$28))<1,IF(E12="","✅ Variance correct — now write the IF formula","✅ Both correct!"),"❌ Check your variance formula — use absolute ref $H$28")) -> ⬅ Fill in revenue & variance first
B13: February | F13: =IF(OR(C13="",D13=""),"⬅ Fill in revenue & variance first",IF(ABS(D13-(C13-$H$28))<1,IF(E13="","✅ Variance correct — now write the IF formula","✅ Both correct!"),"❌ Check your variance formula — use absolute ref $H$28")) -> ⬅ Fill in revenue & variance first
B14: March | F14: =IF(OR(C14="",D14=""),"⬅ Fill in revenue & variance first",IF(ABS(D14-(C14-$H$28))<1,IF(E14="","✅ Variance correct — now write the IF formula","✅ Both correct!"),"❌ Check your variance formula — use absolute ref $H$28")) -> ⬅ Fill in revenue & variance first
B15: April | F15: =IF(OR(C15="",D15=""),"⬅ Fill in revenue & variance first",IF(ABS(D15-(C15-$H$28))<1,IF(E15="","✅ Variance correct — now write the IF formula","✅ Both correct!"),"❌ Check your variance formula — use absolute ref $H$28")) -> ⬅ Fill in revenue & variance first
B16: May | F16: =IF(OR(C16="",D16=""),"⬅ Fill in revenue & variance first",IF(ABS(D16-(C16-$H$28))<1,IF(E16="","✅ Variance correct — now write the IF formula","✅ Both correct!"),"❌ Check your variance formula — use absolute ref $H$28")) -> ⬅ Fill in revenue & variance first
B17: June | F17: =IF(OR(C17="",D17=""),"⬅ Fill in revenue & variance first",IF(ABS(D17-(C17-$H$28))<1,IF(E17="","✅ Variance correct — now write the IF formula","✅ Both correct!"),"❌ Check your variance formula — use absolute ref $H$28")) -> ⬅ Fill in revenue & variance first
B18: July | F18: =IF(OR(C18="",D18=""),"⬅ Fill in revenue & variance first",IF(ABS(D18-(C18-$H$28))<1,IF(E18="","✅ Variance correct — now write the IF formula","✅ Both correct!"),"❌ Check your variance formula — use absolute ref $H$28")) -> ⬅ Fill in revenue & variance first
B19: August | F19: =IF(OR(C19="",D19=""),"⬅ Fill in revenue & variance first",IF(ABS(D19-(C19-$H$28))<1,IF(E19="","✅ Variance correct — now write the IF formula","✅ Both correct!"),"❌ Check your variance formula — use absolute ref $H$28")) -> ⬅ Fill in revenue & variance first
B20: September | F20: =IF(OR(C20="",D20=""),"⬅ Fill in revenue & variance first",IF(ABS(D20-(C20-$H$28))<1,IF(E20="","✅ Variance correct — now write the IF formula","✅ Both correct!"),"❌ Check your variance formula — use absolute ref $H$28")) -> ⬅ Fill in revenue & variance first
B21: October | F21: =IF(OR(C21="",D21=""),"⬅ Fill in revenue & variance first",IF(ABS(D21-(C21-$H$28))<1,IF(E21="","✅ Variance correct — now write the IF formula","✅ Both correct!"),"❌ Check your variance formula — use absolute ref $H$28")) -> ⬅ Fill in revenue & variance first
B22: November | F22: =IF(OR(C22="",D22=""),"⬅ Fill in revenue & variance first",IF(ABS(D22-(C22-$H$28))<1,IF(E22="","✅ Variance correct — now write the IF formula","✅ Both correct!"),"❌ Check your variance formula — use absolute ref $H$28")) -> ⬅ Fill in revenue & variance first
B23: December | F23: =IF(OR(C23="",D23=""),"⬅ Fill in revenue & variance first",IF(ABS(D23-(C23-$H$28))<1,IF(E23="","✅ Variance correct — now write the IF formula","✅ Both correct!"),"❌ Check your variance formula — use absolute ref $H$28")) -> ⬅ Fill in revenue & variance first
H27: Budget Target →
H28: 55000

Sheet FormulaReferenceCard
B1: Formula Reference Card — EXCEL-M01-L02
B2: Keep this tab open while working. These are the functions you need.
B4: Function | C4: Syntax & What It Does | D4: Example
B5: SUM | C5: =SUM(range) → Adds all numbers in a range | D5: =SUM(F7:F18) → total of 12 months
B6: AVERAGE | C6: =AVERAGE(range) → Calculates the mean | D6: =AVERAGE(F7:F18) → average monthly revenue
B7: MAX | C7: =MAX(range) → Returns the largest value | D7: =MAX(F7:F18) → best month
B8: MIN | C8: =MIN(range) → Returns the smallest value | D8: =MIN(F7:F18) → slowest month
B9: COUNT | C9: =COUNT(range) → Counts cells containing numbers | D9: =COUNT(F7:F18) → months with revenue entered
B10: COUNTA | C10: =COUNTA(range) → Counts all non-empty cells (text or numbers) | D10: =COUNTA(B7:B18) → months with any entry
B12: Cross-Tab Reference — How to Link Data Between Tabs
B13: Link to another tab: | C13: ='tab name'!celladdress | D13: ='Raw Data'!B5 → brings in January Weddings revenue
B14: Absolute reference: | C14: =$column$row → locks the cell when copied | D14: =$H$28 → always references the budget target
B15: Relative reference: | C15: =column row → adjusts when copied down/across | D15: =C12-$H$28 → C changes per row, H28 stays fixed
